{
  "Create" : {
    "transaction" : "Create",
    "sampleCount" : 7000,
    "errorCount" : 2922,
    "errorPct" : 41.74286,
    "meanResTime" : 368.49857142857235,
    "medianResTime" : 327.0,
    "minResTime" : 0.0,
    "maxResTime" : 2021.0,
    "pct1ResTime" : 926.9000000000005,
    "pct2ResTime" : 1184.0,
    "pct3ResTime" : 1464.0,
    "throughput" : 394.01103230890465,
    "receivedKBytesPerSec" : 464.08348680414844,
    "sentKBytesPerSec" : 100.64772159602613
  },
  "Total" : {
    "transaction" : "Total",
    "sampleCount" : 21000,
    "errorCount" : 8766,
    "errorPct" : 41.74286,
    "meanResTime" : 8472.374095238045,
    "medianResTime" : 464.0,
    "minResTime" : 0.0,
    "maxResTime" : 50868.0,
    "pct1ResTime" : 40771.600000000006,
    "pct2ResTime" : 44497.600000000006,
    "pct3ResTime" : 48141.870000000024,
    "throughput" : 395.86789322877394,
    "receivedKBytesPerSec" : 451.7673152439771,
    "sentKBytesPerSec" : 67.02838334503657
  },
  "Get" : {
    "transaction" : "Get",
    "sampleCount" : 7000,
    "errorCount" : 2922,
    "errorPct" : 41.74286,
    "meanResTime" : 398.31071428571465,
    "medianResTime" : 341.0,
    "minResTime" : 0.0,
    "maxResTime" : 2633.0,
    "pct1ResTime" : 976.9000000000005,
    "pct2ResTime" : 1170.9499999999998,
    "pct3ResTime" : 1450.9899999999998,
    "throughput" : 427.2721723738021,
    "receivedKBytesPerSec" : 496.2459895547214,
    "sentKBytesPerSec" : 45.420975153360196
  },
  "Login" : {
    "transaction" : "Login",
    "sampleCount" : 7000,
    "errorCount" : 2922,
    "errorPct" : 41.74286,
    "meanResTime" : 24650.312999999995,
    "medianResTime" : 33004.0,
    "minResTime" : 0.0,
    "maxResTime" : 50868.0,
    "pct1ResTime" : 45810.100000000006,
    "pct2ResTime" : 47224.95,
    "pct3ResTime" : 49252.0,
    "throughput" : 132.44531900401122,
    "receivedKBytesPerSec" : 143.61702992554683,
    "sentKBytesPerSec" : 19.365065122890336
  }
}